{
  "train_losses": [
    10.160890477140185,
    8.103664232979359,
    7.131165315063907,
    6.6018977514455015,
    6.286660128580013,
    6.124505560163041,
    6.041781718294385,
    5.995864176414382,
    5.957722646417752,
    5.9003698348999025,
    5.8008035243397025,
    5.362290817583111,
    5.07784923634059,
    4.895737181918721,
    4.768168477609124,
    4.65908121592562,
    4.55952787399292,
    4.469541123887183,
    4.38455728208515,
    4.306655370685416,
    4.23646514449321,
    4.171408136126021,
    4.112399016635519,
    4.058291713284775,
    4.00806144929268,
    3.961026671906592,
    3.913811878419258,
    3.868065695695474,
    3.823286527311298,
    3.779691004417312,
    3.7373563659023232,
    3.69585009091337,
    3.65461570712882,
    3.6144209210301788,
    3.575476289802874,
    3.5372405535738234,
    3.5005333618378973,
    3.4640513252204572,
    3.4266884266490667,
    3.39214511925066
  ],
  "val_losses": [
    8.420826631433824,
    7.221411676967845,
    6.54566972395953,
    6.158598282757928,
    5.983172556933234,
    5.909235253053553,
    5.8923068888047165,
    5.922832517062917,
    6.168522442088408,
    6.449887948877671,
    6.782151699066162,
    5.269666727851419,
    4.92756108676686,
    4.716796903049245,
    4.5691569552702065,
    4.471589312833898,
    4.398554773891673,
    4.330627357258516,
    4.242570484385771,
    4.183498494765338,
    4.114319717182832,
    4.053042650222778,
    4.008514600641587,
    3.957790627199061,
    3.897320873597089,
    3.8633876828586353,
    3.820580566630644,
    3.789428472518921,
    3.7484593671910904,
    3.7210712292615105,
    3.681983428842881,
    3.6493771496941063,
    3.6152063257553997,
    3.5819715331582462,
    3.5526715867659626,
    3.5339615485247444,
    3.507240884444293,
    3.4901114772347843,
    3.466281596352072,
    3.4504975010367
  ],
  "train_ppls": [
    25871.32462861956,
    3306.5619176511664,
    1250.3331503472248,
    736.4915417458537,
    537.3556300028067,
    456.91873858146124,
    420.6418328640553,
    401.763728753915,
    386.72840330906786,
    365.17249642831587,
    330.5650703031753,
    213.21281909750323,
    160.42864051834746,
    133.7185451833656,
    117.70346788654602,
    105.53906998013998,
    95.53836303463558,
    87.31664629578358,
    80.20270817618055,
    74.19192900098395,
    69.16293823359186,
    64.80664446398475,
    61.09310528202211,
    57.87535887694873,
    55.04006911198764,
    52.51121006786834,
    50.089523698945676,
    47.849740548266446,
    45.75433435853764,
    43.80250486375131,
    41.98684546044909,
    40.27979952947684,
    38.652664317314226,
    37.12983859034422,
    35.71162584890831,
    34.37194067820168,
    33.13311918810595,
    31.94613889680406,
    30.774561600277462,
    29.729657578986604
  ],
  "val_ppls": [
    4540.655352704673,
    1368.4194640744656,
    696.2227999362524,
    472.7649274206199,
    396.696917420094,
    368.42429629205793,
    362.23996856841956,
    373.46807177978314,
    477.4800801505493,
    632.6314017820276,
    881.9644058966045,
    194.35117981559293,
    138.04242794300734,
    111.80954167944667,
    96.46275306839702,
    87.49567056076619,
    81.33323876440357,
    75.99194571670225,
    69.58649313712797,
    65.59493579776706,
    61.210559603956284,
    57.572363385383376,
    55.065016245536384,
    52.34155609641151,
    49.270270839965185,
    47.62642159945241,
    45.6306922895271,
    44.231113753671515,
    42.45562306310361,
    41.30862141960393,
    39.72510790993509,
    38.45070955294426,
    37.15901199598543,
    35.94433648739108,
    34.906448634458215,
    34.259419490759875,
    33.35610734710417,
    32.789602796747864,
    32.01746695904508,
    31.516067685512773
  ],
  "train_accs": [
    0.01949519608706995,
    0.05350216569137127,
    0.050257170451227455,
    0.0501908261762719,
    0.051346322298414473,
    0.05380555253205344,
    0.05681350520647064,
    0.05975891458001828,
    0.06372678598269865,
    0.07151118091081705,
    0.09039442017004176,
    0.1894135960843056,
    0.22489672580636802,
    0.2451918541669906,
    0.2579188975792978,
    0.26978622976197264,
    0.2796369724204776,
    0.2877216443013896,
    0.29529249359449483,
    0.3020281652179772,
    0.308247249908863,
    0.31335230364945343,
    0.3181733209628904,
    0.3224387049735746,
    0.32652578874531574,
    0.33021791675521206,
    0.33408765391785405,
    0.33787031421961683,
    0.34167785362448794,
    0.3453609975138174,
    0.3486450391241174,
    0.35164227996247405,
    0.35503413101957676,
    0.35828741929409,
    0.36116579330648463,
    0.36436483131449776,
    0.3671595838970005,
    0.3702162581483382,
    0.3734847503191954,
    0.3762297446954815
  ],
  "val_accs": [
    0.07104738248466373,
    0.07107749049715856,
    0.0711301795190245,
    0.0711301795190245,
    0.0711301795190245,
    0.0711301795190245,
    0.0711301795190245,
    0.07085168040344737,
    0.05303526400963456,
    0.0480599149448647,
    0.06306875917353506,
    0.1988032065033307,
    0.24072861390237477,
    0.2629859621391743,
    0.2793873019457303,
    0.29161868202175306,
    0.29890482104550076,
    0.30598773098490833,
    0.312122238530729,
    0.3173911407173234,
    0.32463964472545254,
    0.33070640924315986,
    0.3334236573708178,
    0.3366376877046404,
    0.3425840201723684,
    0.34582815851868576,
    0.35114974972714613,
    0.35428851002973166,
    0.35833803771028566,
    0.36287682059388054,
    0.36620375597455873,
    0.36968875842083476,
    0.3731135448421211,
    0.3765609122727786,
    0.37887922923488015,
    0.38167927439689886,
    0.38353844416845434,
    0.38600730119303,
    0.3876105528583794,
    0.3904708140453878
  ]
}